Student ID,Student Name,GPA,Major,Company,Placement Status,Salary Offered
1,Student 1,4.382026172983832,Computer Science,Tesla,Placed,92412.99220315991
2,Student 2,3.7000786041836116,Physics,Facebook,Placed,78441.02014234297
3,Student 3,3.9893689920528694,Physics,Google,Placed,72608.30799609171
4,Student 4,4.620446599600729,Electrical Engineering,Tesla,Placed,79412.73806631062
5,Student 5,4.4337789950749835,Electrical Engineering,Facebook,Not Placed,
6,Student 6,3.0113610600617946,Mathematics,Microsoft,Placed,75360.03576669157
7,Student 7,3.9750442087627946,Electrical Engineering,Apple,Placed,78227.53383810601
8,Student 8,3.424321395851151,Physics,Google,Placed,76204.4587935414
9,Student 9,3.4483905741032213,Physics,Google,Placed,81993.97072805486
10,Student 10,3.705299250969186,Physics,Google,Placed,99457.61391306327
11,Student 11,3.572021785580439,Electrical Engineering,Apple,Not Placed,
12,Student 12,4.227136753481488,Mechanical Engineering,Facebook,Not Placed,
13,Student 13,3.8805188625734965,Computer Science,Tesla,Placed,74962.90562631763
14,Student 14,3.560837508246414,Mathematics,Apple,Not Placed,
15,Student 15,3.721931616372713,Mechanical Engineering,Facebook,Placed,76218.2195310701
16,Student 16,3.6668371636871333,Computer Science,Amazon,Placed,88528.89097268877
17,Student 17,4.247039536578803,Electrical Engineering,Google,Placed,58518.81521769102
18,Student 18,3.3974208681170994,Mathematics,Microsoft,Not Placed,
19,Student 19,3.6565338508254506,Mathematics,Apple,Not Placed,
20,Student 20,3.0729521303491376,Electrical Engineering,Google,Placed,77759.07632937071
21,Student 21,2.2235050920829607,Mechanical Engineering,Apple,Placed,99677.29682143046
22,Student 22,3.8268092977201804,Computer Science,Facebook,Placed,84476.83215742656
23,Student 23,3.932218099429753,Physics,Apple,Placed,73378.0855646952
24,Student 24,3.128917489796779,Physics,Tesla,Placed,64223.929314606525
25,Student 25,4.634877311993804,Computer Science,Apple,Placed,76594.39965062137
26,Student 26,2.7728171627006177,Physics,Facebook,Placed,66967.79917321586
27,Student 27,3.522879258650723,Mechanical Engineering,Microsoft,Not Placed,
28,Student 28,3.406408074987083,Electrical Engineering,Amazon,Placed,81611.06322241678
29,Student 29,4.266389607179229,Physics,Amazon,Placed,83200.31932092732
30,Student 30,4.234679384950143,Electrical Engineering,Apple,Placed,100791.76664795037
31,Student 31,3.577473712848458,Physics,Apple,Placed,70925.34018579702
32,Student 32,3.6890812598010867,Physics,Apple,Placed,78075.95792204094
33,Student 33,3.0561071261849437,Mathematics,Amazon,Placed,67874.84255511091
34,Student 34,2.5096017658880365,Physics,Facebook,Placed,79194.01483849874
35,Student 35,3.326043925336924,Mathematics,Facebook,Not Placed,
36,Student 36,3.57817448455199,Computer Science,Apple,Placed,85687.22399120472
37,Student 37,4.115145340363861,Physics,Facebook,Placed,78855.12954410799
38,Student 38,4.101189924392205,Physics,Tesla,Placed,82516.30248819891
39,Student 39,3.3063365912960236,Physics,Apple,Placed,67891.4436205641
40,Student 40,3.3488486247123324,Mathematics,Microsoft,Placed,76062.66288305611
41,Student 41,2.9757235174664536,Physics,Microsoft,Placed,80852.52574570387
42,Student 42,2.7899910314105125,Mechanical Engineering,Amazon,Not Placed,
43,Student 43,2.6468649046874937,Computer Science,Microsoft,Not Placed,
44,Student 44,4.475387697615895,Electrical Engineering,Amazon,Placed,83276.23179234781
45,Student 45,3.245173909124173,Electrical Engineering,Facebook,Placed,82791.9649251421
46,Student 46,3.280962849194407,Mathematics,Microsoft,Placed,76229.48793727222
47,Student 47,2.8736023199750367,Computer Science,Amazon,Placed,80041.749990825
48,Student 48,3.888745177915955,Computer Science,Google,Not Placed,
49,Student 49,2.6930510762210242,Electrical Engineering,Microsoft,Placed,65202.04384675652
50,Student 50,3.3936298598930157,Mathematics,Facebook,Not Placed,
51,Student 51,3.0522667194031623,Mechanical Engineering,Apple,Placed,73322.76809083836
52,Student 52,3.693451248929631,Computer Science,Amazon,Placed,79884.44479775698
53,Student 53,3.2445974312155634,Electrical Engineering,Amazon,Not Placed,
54,Student 54,2.9096839079387937,Mechanical Engineering,Tesla,Placed,78260.70069694844
55,Student 55,3.4859088858306726,Mechanical Engineering,Google,Placed,51893.31945170803
56,Student 56,3.7141659352652088,Mechanical Engineering,Google,Placed,78493.46361979107
57,Student 57,3.533258611191584,Physics,Facebook,Placed,75189.55978005964
58,Student 58,3.651235948869891,Mechanical Engineering,Facebook,Not Placed,
59,Student 59,3.1828389531595183,Mechanical Engineering,Apple,Placed,88997.30812571553
60,Student 60,3.3186294170064308,Electrical Engineering,Amazon,Placed,64214.69814058886
61,Student 61,3.1637697761120247,Mathematics,Google,Placed,82439.56623907984
62,Student 62,3.3202234192297295,Physics,Google,Placed,95703.03911911232
63,Student 63,3.093426858977773,Electrical Engineering,Tesla,Placed,73740.56885031542
64,Student 64,2.6368586988341614,Electrical Engineering,Facebook,Not Placed,
65,Student 65,3.588713071126876,Mechanical Engineering,Apple,Not Placed,
66,Student 66,3.299109531895869,Physics,Facebook,Not Placed,
67,Student 67,2.684900826516978,Mathematics,Apple,Placed,73149.03019668574
68,Student 68,3.7313911277628873,Mathematics,Google,Placed,72904.78989292
69,Student 69,3.0463508178083787,Electrical Engineering,Microsoft,Placed,87438.00153765982
70,Student 70,3.5259726978980694,Physics,Tesla,Placed,85921.49090781734
71,Student 71,3.8645452810887684,Electrical Engineering,Microsoft,Placed,72135.31584928774
72,Student 72,3.5644914553787053,Electrical Engineering,Tesla,Placed,68235.26845638917
73,Student 73,4.06970034227165,Mathematics,Microsoft,Placed,67191.93285851003
74,Student 74,2.882587089823174,Mathematics,Apple,Not Placed,
75,Student 75,3.7011708205887746,Electrical Engineering,Facebook,Placed,79320.54879609501
76,Student 76,3.157594954529843,Mathematics,Facebook,Placed,103602.28585653414
77,Student 77,3.064601425409059,Mathematics,Facebook,Placed,85555.45603070543
78,Student 78,3.210575167617792,Mechanical Engineering,Amazon,Not Placed,
79,Student 79,3.344223733936314,Mechanical Engineering,Apple,Placed,83062.72488305184
80,Student 80,3.5280826711148725,Computer Science,Google,Placed,89991.49850197365
81,Student 81,2.917425079608322,Computer Science,Microsoft,Placed,70339.3681495593
82,Student 82,3.9504132434770938,Electrical Engineering,Facebook,Not Placed,
83,Student 83,3.73283121986523,Electrical Engineering,Google,Placed,78996.98297388168
84,Student 84,2.731878156861388,Electrical Engineering,Apple,Placed,72965.9990780719
85,Student 85,4.2441260968978,Electrical Engineering,Facebook,Placed,83025.6100228842
86,Student 86,4.447944588015291,Mathematics,Microsoft,Placed,90923.38876030798
87,Student 87,4.089389785579826,Computer Science,Tesla,Placed,69924.45124217024
88,Student 88,3.4100375820938247,Electrical Engineering,Amazon,Placed,85668.69372441071
89,Student 89,2.964623689244729,Mechanical Engineering,Facebook,Not Placed,
90,Student 90,4.027225863465568,Mathematics,Apple,Placed,74937.26466825511
91,Student 91,3.2984115265134104,Computer Science,Apple,Placed,75105.1758124497
92,Student 92,4.111222535191214,Mathematics,Amazon,Placed,87635.4146648592
93,Student 93,3.6041374890384303,Physics,Apple,Not Placed,
94,Student 94,3.9883195182418563,Electrical Engineering,Microsoft,Not Placed,
95,Student 95,3.678183198587201,Mechanical Engineering,Microsoft,Placed,76565.82135917408
96,Student 96,3.853286584095974,Computer Science,Apple,Placed,71527.8982204147
97,Student 97,3.50525001036041,Mathematics,Microsoft,Placed,67864.7639724552
98,Student 98,4.392935246952917,Computer Science,Apple,Placed,67971.11675483997
99,Student 99,3.56345604635181,Physics,Facebook,Not Placed,
100,Student 100,3.7009946817223507,Mechanical Engineering,Apple,Placed,88961.67193749268
101,Student 101,4.4415753485281275,Mathematics,Tesla,Placed,77583.46837368779
102,Student 102,2.8261204694287767,Physics,Amazon,Placed,81586.51930066243
103,Student 103,2.864757500757133,Mechanical Engineering,Microsoft,Placed,91781.89364481598
104,Student 104,3.9846983540790055,Electrical Engineering,Amazon,Placed,67798.82843068447
105,Student 105,2.9134382974429203,Computer Science,Facebook,Not Placed,
106,Student 106,4.471810592824646,Physics,Tesla,Placed,82547.15536693783
107,Student 107,3.293190509620126,Computer Science,Google,Placed,61759.20447919633
108,Student 108,3.1262725942796212,Computer Science,Apple,Placed,74212.91487003131
109,Student 109,4.4614710132401925,Physics,Microsoft,Placed,70751.06926899533
110,Student 110,4.2402573957172125,Physics,Google,Placed,83295.22442169535
111,Student 111,4.433779480213285,Mathematics,Google,Not Placed,
112,Student 112,3.9530223291376925,Mechanical Engineering,Microsoft,Placed,100081.49279376958
113,Student 113,3.0693871574726486,Electrical Engineering,Facebook,Not Placed,
114,Student 114,4.455032476549517,Mechanical Engineering,Google,Placed,71467.61515724688
115,Student 115,3.36599831452431,Electrical Engineering,Facebook,Placed,76126.8656254315
116,Student 116,3.9012281978981975,Electrical Engineering,Facebook,Placed,76524.15487084555
117,Student 117,3.973625983886874,Mathematics,Apple,Placed,113065.74349110562
118,Student 118,3.4224949534545828,Mechanical Engineering,Facebook,Placed,64898.00356021859
119,Student 119,3.80703968517304,Physics,Facebook,Placed,82035.39700404613
120,Student 120,3.9611033357832635,Computer Science,Apple,Placed,59155.67864638471
121,Student 121,3.6882127655778145,Mathematics,Facebook,Placed,79930.62558794077
122,Student 122,2.9502996047079026,Mathematics,Apple,Placed,99098.90561909012
123,Student 123,3.649119087103028,Mathematics,Tesla,Not Placed,
124,Student 124,4.163192948343515,Physics,Google,Placed,91045.54421472049
125,Student 125,3.1527160701343173,Computer Science,Apple,Placed,79338.84774046796
126,Student 126,3.425182729836165,Electrical Engineering,Tesla,Placed,75775.01283174565
127,Student 127,3.282423224139181,Physics,Apple,Not Placed,
128,Student 128,4.424631864239671,Mechanical Engineering,Apple,Not Placed,
129,Student 129,3.836147378506218,Mechanical Engineering,Microsoft,Not Placed,
130,Student 130,3.7037309181205553,Physics,Apple,Placed,66698.05587675504
131,Student 131,3.115041962777342,Mathematics,Apple,Placed,95068.00728949443
132,Student 132,3.7696245956459085,Physics,Apple,Placed,76069.23604206556
133,Student 133,3.162833669671312,Computer Science,Apple,Placed,82937.74310765753
134,Student 134,3.5159152791371757,Electrical Engineering,Apple,Placed,71234.68148560214
135,Student 135,3.1820769608105595,Electrical Engineering,Amazon,Placed,91169.9055941535
136,Student 136,3.8382166474732498,Electrical Engineering,Amazon,Placed,77264.4422209217
137,Student 137,3.7882954083074702,Electrical Engineering,Tesla,Placed,79089.67332142194
138,Student 138,3.3958506222110025,Mathematics,Facebook,Not Placed,
139,Student 139,3.6980033563308226,Mechanical Engineering,Tesla,Placed,83959.76211139612
140,Student 140,2.9534692456347473,Mechanical Engineering,Tesla,Placed,98115.05704820246
141,Student 141,2.7543712036471972,Physics,Amazon,Not Placed,
142,Student 142,3.7196958506322684,Electrical Engineering,Facebook,Placed,75417.70846297518
143,Student 143,3.5833367476862645,Mechanical Engineering,Tesla,Not Placed,
144,Student 144,3.817515718446053,Computer Science,Microsoft,Placed,81291.62174240376
145,Student 145,4.691572387431971,Physics,Google,Placed,80640.24197906828
146,Student 146,3.972239743495207,Mathematics,Microsoft,Placed,87050.81101494469
147,Student 147,3.0435888872779207,Mechanical Engineering,Google,Placed,85514.7354680092
148,Student 148,4.058508144047926,Electrical Engineering,Facebook,Not Placed,
149,Student 149,2.8420462947442395,Mathematics,Google,Placed,82249.48049064373
150,Student 150,3.2692076975926456,Computer Science,Apple,Placed,76716.98893277528
151,Student 151,3.4658791973376846,Computer Science,Tesla,Not Placed,
152,Student 152,4.356671360824683,Computer Science,Google,Not Placed,
153,Student 153,3.12762258897578,Mathematics,Apple,Placed,118016.60214967115
154,Student 154,3.0867807306704926,Mechanical Engineering,Microsoft,Placed,103151.70634005945
155,Student 155,3.450773737787284,Mechanical Engineering,Apple,Placed,81398.26597767652
156,Student 156,3.1682608568189465,Electrical Engineering,Google,Placed,97388.57208010757
157,Student 157,4.0633179610532535,Mathematics,Apple,Not Placed,
158,Student 158,2.9600342458182882,Mechanical Engineering,Apple,Placed,79468.6166055852
159,Student 159,2.9262656737944486,Physics,Microsoft,Placed,60504.28212370237
160,Student 160,3.281089977627783,Electrical Engineering,Microsoft,Placed,70398.94434055714
161,Student 161,3.2509837746538475,Mechanical Engineering,Facebook,Placed,72165.00736013523
162,Student 162,4.464766026908493,Physics,Google,Placed,81075.1903166543
163,Student 163,3.9747104034628804,Electrical Engineering,Facebook,Not Placed,
164,Student 164,3.5437756206925957,Computer Science,Facebook,Placed,74210.57648608132
165,Student 165,2.887282240584916,Computer Science,Apple,Not Placed,
166,Student 166,3.9221814882007737,Physics,Amazon,Placed,78338.46864392048
167,Student 167,2.9998923263052175,Computer Science,Apple,Placed,66185.88349317717
168,Student 168,2.727614451611194,Physics,Google,Not Placed,
169,Student 169,4.094014896176151,Electrical Engineering,Amazon,Placed,76187.10130191705
170,Student 170,3.6584713059624248,Mechanical Engineering,Facebook,Placed,67510.51066927126
171,Student 171,3.9604294118904093,Electrical Engineering,Apple,Placed,76697.62106735456
172,Student 172,3.6593638264715107,Physics,Microsoft,Placed,71651.92836465492
173,Student 173,3.9284153059513454,Mathematics,Google,Placed,92353.82392009477
174,Student 174,3.1744872033499267,Mathematics,Apple,Not Placed,
175,Student 175,2.9828785791077674,Physics,Microsoft,Placed,78104.54331743425
176,Student 176,3.8407972591408135,Computer Science,Google,Not Placed,
177,Student 177,3.0982951679130792,Physics,Amazon,Placed,85569.68316840629
178,Student 178,3.1552251111248997,Mechanical Engineering,Amazon,Not Placed,
179,Student 179,3.2722337482413284,Electrical Engineering,Google,Placed,76232.15890892466
180,Student 180,3.5087395795125285,Physics,Facebook,Placed,70909.6767374791
181,Student 181,3.323003044373258,Mechanical Engineering,Microsoft,Placed,78548.29755806782
182,Student 182,2.8125243532909905,Mathematics,Amazon,Placed,74636.67478801086
183,Student 183,3.1781907985835547,Physics,Facebook,Placed,81570.69462857809
184,Student 184,2.388298423887787,Computer Science,Google,Not Placed,
185,Student 185,3.8126157255135937,Physics,Apple,Placed,74322.32758479813
186,Student 186,2.698971172196626,Mathematics,Google,Not Placed,
187,Student 187,2.947808330285775,Mechanical Engineering,Google,Placed,90825.91370470893
188,Student 188,3.526082539630487,Physics,Google,Placed,83680.03659280542
189,Student 189,3.130218501804343,Physics,Microsoft,Placed,83688.88707585666
190,Student 190,4.2715072977033675,Computer Science,Tesla,Placed,77136.81719189974
191,Student 191,2.8535715451382755,Physics,Facebook,Placed,76152.82147906446
192,Student 192,3.6335254346745915,Electrical Engineering,Apple,Placed,85610.02888497637
193,Student 193,3.480358590886252,Physics,Microsoft,Placed,87774.33933793785
194,Student 194,2.9159532511294013,Mechanical Engineering,Google,Placed,80151.46785628841
195,Student 195,3.761638330265877,Electrical Engineering,Apple,Placed,91416.47945476102
196,Student 196,3.414226834388876,Computer Science,Microsoft,Placed,92741.55027515184
197,Student 197,3.885895275606834,Mechanical Engineering,Amazon,Placed,63353.01960611086
198,Student 198,3.9117520769818657,Computer Science,Apple,Placed,84303.7888478305
199,Student 199,4.581617974640345,Physics,Facebook,Placed,79573.98071508964
200,Student 200,4.1682639747181955,Physics,Tesla,Not Placed,
201,Student 201,3.315409081028778,Physics,Tesla,Placed,91159.76528026743
202,Student 202,3.380310411212037,Mathematics,Apple,Not Placed,
203,Student 203,4.0498297979435565,Mathematics,Apple,Placed,63797.258975774384
204,Student 204,3.827631865361299,Mathematics,Facebook,Placed,91061.91472851046
205,Student 205,3.820065763048796,Electrical Engineering,Google,Not Placed,
206,Student 206,2.691521977844583,Mathematics,Google,Placed,73137.80486078965
207,Student 207,3.487836937800532,Physics,Facebook,Placed,82046.2089341965
208,Student 208,3.1309845453971556,Physics,Google,Placed,73138.98178838645
209,Student 209,3.639962299521619,Computer Science,Apple,Placed,64077.893716844024
210,Student 210,3.450924805178521,Mechanical Engineering,Tesla,Not Placed,
211,Student 211,3.9550894540462957,Mechanical Engineering,Amazon,Not Placed,
212,Student 212,3.658609107595651,Electrical Engineering,Tesla,Placed,85978.59877870268
213,Student 213,3.8931639810544882,Mechanical Engineering,Google,Not Placed,
214,Student 214,3.2667904516320285,Electrical Engineering,Microsoft,Placed,73115.53861279202
215,Student 215,3.027776872040875,Computer Science,Tesla,Placed,77899.9946088979
216,Student 216,3.2949751533987257,Physics,Google,Placed,90521.5347683867
217,Student 217,3.4914897930692796,Physics,Facebook,Placed,89079.04081637684
218,Student 218,3.689575867777541,Electrical Engineering,Apple,Placed,69067.7381754028
219,Student 219,4.629654475345426,Mathematics,Facebook,Placed,107997.07649086916
220,Student 220,3.4788714241696788,Computer Science,Amazon,Placed,76742.23675414972
221,Student 221,3.0220274997536114,Physics,Microsoft,Placed,68475.84271040499
222,Student 222,3.3270091121503067,Physics,Tesla,Placed,88882.31990048778
223,Student 223,3.268202012676953,Computer Science,Google,Placed,76383.27542645649
224,Student 224,3.740740736886731,Electrical Engineering,Tesla,Not Placed,
225,Student 225,2.7296014927776877,Mathematics,Amazon,Placed,88474.08355481534
226,Student 226,3.531630997100166,Electrical Engineering,Microsoft,Placed,78012.80153691232
227,Student 227,3.578253268982688,Computer Science,Tesla,Not Placed,
228,Student 228,3.6160905181001377,Mechanical Engineering,Amazon,Placed,88491.15211470446
229,Student 229,3.2013419655173188,Electrical Engineering,Microsoft,Placed,67711.0480306511
230,Student 230,3.3810391351319966,Mechanical Engineering,Tesla,Placed,88883.94109572403
231,Student 231,2.787969545508734,Computer Science,Google,Not Placed,
232,Student 232,3.253340058318903,Mechanical Engineering,Amazon,Not Placed,
233,Student 233,3.228569261991641,Physics,Google,Placed,81310.54449217461
234,Student 234,3.7080250231307126,Mechanical Engineering,Amazon,Placed,71209.03987733739
235,Student 235,2.9219087840890436,Mathematics,Google,Not Placed,
236,Student 236,3.8905990508549966,Mathematics,Facebook,Not Placed,
237,Student 237,4.247242272245685,Computer Science,Google,Placed,66117.66501330138
238,Student 238,2.4650074874932337,Mathematics,Facebook,Placed,54247.97373230734
239,Student 239,3.7131293653890505,Mechanical Engineering,Tesla,Placed,71638.9439562857
240,Student 240,3.8384540175151227,Physics,Tesla,Placed,83310.92421488398
241,Student 241,3.1812814872238855,Computer Science,Google,Placed,77301.18866430035
242,Student 242,3.301364092835601,Electrical Engineering,Amazon,Placed,92671.30940620071
243,Student 243,3.4335597112065224,Physics,Tesla,Placed,81837.53495431688
244,Student 244,3.351104560299136,Electrical Engineering,Tesla,Placed,72336.90348052919
245,Student 245,3.3454935154764387,Computer Science,Google,Placed,75604.16449520506
246,Student 246,2.6619980968350117,Electrical Engineering,Amazon,Placed,65634.58640730822
247,Student 247,4.07616578239156,Physics,Google,Placed,90857.97224705931
248,Student 248,4.039809296018411,Mathematics,Apple,Placed,66188.99913917042
249,Student 249,3.0933178703978985,Computer Science,Google,Not Placed,
250,Student 250,2.766787836098743,Mathematics,Amazon,Placed,78397.13779571372
251,Student 251,3.760532438226379,Mathematics,Tesla,Placed,80023.53264490822
252,Student 252,3.212106015093467,Mathematics,Tesla,Placed,64973.49636490211
253,Student 253,3.57097658166039,Physics,Microsoft,Placed,70944.64204780504
254,Student 254,3.3403357914274525,Mechanical Engineering,Google,Placed,82650.40602239319
255,Student 255,3.8457693755350935,Mathematics,Tesla,Placed,91297.23358996994
256,Student 256,3.847374571828003,Mechanical Engineering,Apple,Placed,83490.03562090175
257,Student 257,3.1372013107682077,Computer Science,Tesla,Placed,79741.90238409146
258,Student 258,2.808318022302472,Electrical Engineering,Facebook,Placed,64375.91266129869
259,Student 259,2.708530801332459,Mathematics,Facebook,Placed,73826.5765344791
260,Student 260,3.8051896895536026,Mechanical Engineering,Apple,Not Placed,
261,Student 261,2.9055703711079857,Computer Science,Tesla,Placed,90809.46669854887
262,Student 262,3.246591822850656,Physics,Tesla,Placed,88893.75908155255
263,Student 263,3.201842980774746,Computer Science,Amazon,Placed,81380.71644445606
264,Student 264,3.4737163518652268,Physics,Tesla,Placed,92046.00466649178
265,Student 265,2.5318600970767466,Electrical Engineering,Apple,Placed,108814.60713163964
266,Student 266,3.5943892983969143,Electrical Engineering,Amazon,Placed,74061.38084617312
267,Student 267,3.761945511917103,Mechanical Engineering,Tesla,Placed,72368.84204654963
268,Student 268,3.544211043522331,Physics,Amazon,Placed,95184.82925779722
269,Student 269,3.3445569141507643,Physics,Facebook,Not Placed,
270,Student 270,3.5487000831343916,Electrical Engineering,Facebook,Placed,81123.0768842727
271,Student 271,3.699523172820065,Computer Science,Tesla,Placed,83923.74327659125
272,Student 272,2.1137036217866747,Computer Science,Microsoft,Placed,73455.1349481504
273,Student 273,4.477956154125347,Mechanical Engineering,Facebook,Placed,69652.04715249411
274,Student 274,3.695046661343963,Electrical Engineering,Amazon,Placed,72228.52490451689
275,Student 275,3.17379570880649,Electrical Engineering,Apple,Placed,92459.46256831015
276,Student 276,3.3045233124061992,Mathematics,Microsoft,Placed,65633.59335315418
277,Student 277,3.7468708886745943,Mechanical Engineering,Tesla,Placed,84986.54645648549
278,Student 278,3.4419480304828167,Electrical Engineering,Tesla,Placed,74423.12539974491
279,Student 279,2.484657766109253,Mathematics,Microsoft,Placed,76466.33111284656
280,Student 280,4.53224643067966,Physics,Google,Placed,87429.50976608333
281,Student 281,3.444729671383764,Mathematics,Microsoft,Not Placed,
282,Student 282,4.0100863558579,Electrical Engineering,Apple,Placed,83429.76537866936
283,Student 283,3.1539750761078045,Computer Science,Tesla,Placed,61268.803376339936
284,Student 284,4.2681885271228985,Mechanical Engineering,Amazon,Placed,95709.6470867579
285,Student 285,3.64317184444614,Physics,Facebook,Placed,93101.9651719956
286,Student 286,3.8044219172377254,Computer Science,Google,Not Placed,
287,Student 287,2.9773733169265224,Mechanical Engineering,Amazon,Placed,80102.57816959411
288,Student 288,4.1055726448413505,Physics,Microsoft,Placed,98014.49208620156
289,Student 289,3.844909082267394,Physics,Tesla,Not Placed,
290,Student 290,4.150923114782499,Electrical Engineering,Apple,Placed,79707.0559642508
291,Student 291,3.1859562201792104,Mathematics,Microsoft,Placed,77076.61324148855
292,Student 292,3.259486440769606,Computer Science,Microsoft,Placed,78064.62888988973
293,Student 293,4.651958348841971,Mathematics,Amazon,Placed,91772.32054397165
294,Student 294,2.969992088639226,Electrical Engineering,Amazon,Placed,90399.91784706687
295,Student 295,3.4320251496608396,Electrical Engineering,Tesla,Not Placed,
296,Student 296,4.068445681301347,Computer Science,Amazon,Placed,84646.42398866064
297,Student 297,3.5488624838574276,Physics,Google,Not Placed,
298,Student 298,3.7914768398766467,Mechanical Engineering,Tesla,Placed,64935.36834028282
299,Student 299,3.3002754853685623,Physics,Apple,Placed,79970.35248561678
300,Student 300,3.6850279439237594,Mathematics,Google,Not Placed,
301,Student 301,2.8467365741323416,Computer Science,Microsoft,Not Placed,
302,Student 302,4.329065339809094,Electrical Engineering,Facebook,Placed,59167.65498087052
303,Student 303,3.4409179774357153,Physics,Amazon,Placed,73182.54476292082
304,Student 304,3.159910898001575,Computer Science,Apple,Placed,73889.34085504865
305,Student 305,3.833191541015957,Mechanical Engineering,Tesla,Placed,72911.50179857394
306,Student 306,3.269640106305723,Electrical Engineering,Amazon,Placed,94515.28016974566
307,Student 307,2.8328707642986233,Physics,Google,Placed,85355.10569739103
308,Student 308,2.8266412471012226,Electrical Engineering,Microsoft,Placed,76004.311396766
309,Student 309,3.8468865763450664,Mathematics,Microsoft,Placed,70669.22159105899
310,Student 310,3.4202132809268666,Mechanical Engineering,Amazon,Not Placed,
311,Student 311,3.4331492201657805,Mechanical Engineering,Tesla,Placed,69708.87031700685
312,Student 312,4.038871902988132,Mechanical Engineering,Tesla,Placed,89730.80004149665
313,Student 313,2.9365870956216282,Mathematics,Amazon,Placed,99967.66001547786
314,Student 314,3.1346611235675876,Physics,Facebook,Placed,90531.99898082111
315,Student 315,3.3075600954093622,Physics,Amazon,Not Placed,
316,Student 316,3.547175794658537,Physics,Amazon,Placed,78343.71216706854
317,Student 317,3.4789142743547106,Physics,Facebook,Placed,75948.93710538538
318,Student 318,3.356556403805046,Physics,Apple,Placed,97452.84572687594
319,Student 319,3.469186798952176,Computer Science,Amazon,Placed,74240.64392478466
320,Student 320,3.4463473618544125,Mathematics,Apple,Not Placed,
321,Student 321,3.1401978057241036,Mechanical Engineering,Google,Placed,68684.60757979851
322,Student 322,3.0935035057229614,Physics,Amazon,Placed,77037.68345601793
323,Student 323,3.63725817886197,Physics,Amazon,Placed,62859.43407279214
324,Student 324,3.054542458502236,Mechanical Engineering,Tesla,Placed,81592.3420122828
325,Student 325,2.921322370404573,Mechanical Engineering,Amazon,Not Placed,
326,Student 326,3.3438538744371535,Computer Science,Facebook,Placed,96650.49406790442
327,Student 327,3.421166491918092,Mathematics,Apple,Not Placed,
328,Student 328,4.628361748649104,Electrical Engineering,Facebook,Placed,85373.96746876818
329,Student 329,3.147649862071883,Computer Science,Apple,Placed,82826.7844916477
330,Student 330,3.9716303624847473,Electrical Engineering,Amazon,Placed,69074.59185608862
331,Student 331,3.8735941671023157,Computer Science,Apple,Placed,81241.18287733827
332,Student 332,2.905527522398132,Mathematics,Amazon,Placed,98370.80687867744
333,Student 333,3.8866264887013,Mathematics,Facebook,Placed,80085.54926006311
334,Student 334,2.9080596799033414,Electrical Engineering,Google,Placed,69829.83798375187
335,Student 335,2.17041388100163,Physics,Apple,Placed,61476.573433049634
336,Student 336,3.8031597621796904,Physics,Apple,Placed,72866.73009607923
337,Student 337,2.6220547082811403,Physics,Apple,Placed,62377.71102459122
338,Student 338,3.7254672309029573,Electrical Engineering,Apple,Placed,88305.17369042597
339,Student 339,3.1579945511313916,Physics,Amazon,Placed,87811.67266182245
340,Student 340,4.329775398094936,Mechanical Engineering,Amazon,Not Placed,
341,Student 341,4.034254699658004,Mechanical Engineering,Google,Placed,86139.81308469427
342,Student 342,3.273307098074306,Mathematics,Amazon,Placed,74235.45347043018
343,Student 343,3.156081194485659,Electrical Engineering,Facebook,Placed,79543.8571722514
344,Student 344,2.89296129845294,Physics,Apple,Not Placed,
345,Student 345,3.2795386838537044,Mechanical Engineering,Google,Not Placed,
346,Student 346,3.3598222524077457,Physics,Microsoft,Placed,84182.03348653117
347,Student 347,3.3176532278041573,Computer Science,Facebook,Placed,63142.71949532448
348,Student 348,3.578351927636182,Physics,Tesla,Placed,81174.7498798797
349,Student 349,3.7892607488644394,Mathematics,Google,Placed,79650.47977612265
350,Student 350,3.674827228496587,Computer Science,Tesla,Placed,59536.068637518896
351,Student 351,3.1179280380467786,Electrical Engineering,Apple,Not Placed,
352,Student 352,2.781104263099211,Physics,Microsoft,Not Placed,
353,Student 353,4.182265924051236,Physics,Tesla,Placed,84143.06833923951
354,Student 354,3.155275407725031,Computer Science,Facebook,Not Placed,
355,Student 355,3.1738532000324904,Mathematics,Google,Not Placed,
356,Student 356,3.2394053438494446,Mathematics,Amazon,Placed,66736.21507491838
357,Student 357,2.5784652249216755,Mathematics,Facebook,Placed,91389.73810666265
358,Student 358,3.2610129979797566,Electrical Engineering,Tesla,Placed,89828.4121981739
359,Student 359,3.2601720929960263,Computer Science,Amazon,Placed,72330.36964976671
360,Student 360,3.8101791491717565,Mechanical Engineering,Tesla,Placed,91760.60276453797
361,Student 361,3.849228574553668,Electrical Engineering,Apple,Placed,77490.7760321884
362,Student 362,3.501885444543135,Mathematics,Amazon,Placed,62237.94975989968
363,Student 363,3.9659241870571518,Mathematics,Microsoft,Placed,63673.05233849108
364,Student 364,3.669982491900631,Physics,Facebook,Placed,87337.23487855005
365,Student 365,3.4921589441987226,Electrical Engineering,Google,Placed,78959.5118933102
366,Student 366,3.5804640841491113,Computer Science,Microsoft,Not Placed,
367,Student 367,3.4046732532093005,Mathematics,Tesla,Placed,79116.26875267587
368,Student 368,3.302575242983275,Mechanical Engineering,Tesla,Placed,82676.70893360779
369,Student 369,3.366133231553017,Physics,Microsoft,Placed,101235.26422980173
370,Student 370,2.9359943342649966,Computer Science,Tesla,Placed,93968.49087631401
371,Student 371,3.640220852658148,Computer Science,Apple,Placed,75671.7273138959
372,Student 372,3.0034381945352098,Computer Science,Google,Placed,83749.68724703127
373,Student 373,3.920815632036818,Physics,Facebook,Not Placed,
374,Student 374,3.3752707099195254,Mechanical Engineering,Apple,Not Placed,
375,Student 375,3.5247474908250456,Mathematics,Amazon,Placed,80710.0880518803
376,Student 376,3.746918388140478,Physics,Google,Placed,75064.68149504963
377,Student 377,3.821657232531464,Physics,Google,Not Placed,
378,Student 378,2.7146882956832736,Mechanical Engineering,Tesla,Placed,75197.12890521625
379,Student 379,3.3965481619180142,Computer Science,Facebook,Placed,96833.67281239793
380,Student 380,3.940089456040391,Mathematics,Amazon,Placed,92407.26238835322
381,Student 381,2.6509470902838728,Electrical Engineering,Facebook,Placed,77963.84981120612
382,Student 382,3.6936402376975317,Computer Science,Microsoft,Placed,84282.92260693811
383,Student 383,2.3722178852989053,Computer Science,Facebook,Placed,78345.40735764311
384,Student 384,2.988746578182198,Mechanical Engineering,Amazon,Placed,91932.41135968213
385,Student 385,3.519315275920094,Electrical Engineering,Microsoft,Placed,90488.80516417992
386,Student 386,2.671642448839023,Mathematics,Facebook,Placed,85686.10832710887
387,Student 387,3.0072446311579246,Mathematics,Facebook,Placed,88712.64269614525
388,Student 388,2.7640824962682067,Mathematics,Amazon,Placed,86605.70808041579
389,Student 389,4.32406746610378,Mechanical Engineering,Amazon,Placed,91740.61853808298
390,Student 390,3.582113877743667,Electrical Engineering,Microsoft,Placed,85311.31373329197
391,Student 391,3.783645138926335,Electrical Engineering,Apple,Placed,81519.00529114524
392,Student 392,3.388662449742423,Computer Science,Tesla,Placed,74227.74376400762
393,Student 393,3.3232841256214005,Physics,Facebook,Placed,64282.49262506818
394,Student 394,2.6917629056744836,Electrical Engineering,Tesla,Placed,79721.51619493288
395,Student 395,3.3540813186260685,Mathematics,Tesla,Placed,72589.44466595871
396,Student 396,3.1192538940941885,Mathematics,Microsoft,Placed,80600.09066957123
397,Student 397,3.928961962146168,Physics,Facebook,Placed,91404.8842418709
398,Student 398,4.070550933328787,Physics,Facebook,Placed,81728.24675440353
399,Student 399,4.233289357787089,Computer Science,Tesla,Placed,75849.98328890376
400,Student 400,3.926275969730616,Computer Science,Facebook,Not Placed,
401,Student 401,3.200673031538507,Mechanical Engineering,Facebook,Placed,65698.64792576068
402,Student 402,2.942051507019803,Mathematics,Google,Placed,93328.05335357488
403,Student 403,3.883331590822543,Mechanical Engineering,Amazon,Not Placed,
404,Student 404,3.6781464087361444,Mathematics,Microsoft,Placed,70652.1697376894
405,Student 405,2.6157307746614844,Mechanical Engineering,Microsoft,Placed,56867.98066302933
406,Student 406,3.6777408963718847,Computer Science,Google,Placed,76838.58424250284
407,Student 407,3.907259911243933,Electrical Engineering,Amazon,Not Placed,
408,Student 408,3.529462794590815,Physics,Tesla,Placed,75957.05579370506
409,Student 409,3.4074731644953293,Mathematics,Microsoft,Placed,79368.70100023597
410,Student 410,3.096175756191822,Computer Science,Microsoft,Placed,71787.34925582241
411,Student 411,2.776732650218306,Computer Science,Microsoft,Placed,70863.44359511267
412,Student 412,3.9001489746700138,Computer Science,Microsoft,Placed,98178.26413261076
413,Student 413,3.3454427776141458,Mechanical Engineering,Microsoft,Placed,76659.3705163663
414,Student 414,3.3832666692281537,Physics,Microsoft,Placed,89076.58624946765
415,Student 415,4.366360593459566,Computer Science,Google,Placed,71632.28957347012
416,Student 416,3.8422505534295954,Mechanical Engineering,Microsoft,Placed,96127.28594752087
417,Student 417,3.685412500640551,Computer Science,Apple,Placed,95141.82131007798
418,Student 418,3.571030902593618,Mechanical Engineering,Amazon,Placed,82310.18682217276
419,Student 419,4.259997430382886,Electrical Engineering,Amazon,Placed,69004.68407030517
420,Student 420,4.359794653708097,Mechanical Engineering,Facebook,Placed,80870.0138572766
421,Student 421,3.9647525557397643,Mathematics,Tesla,Placed,80473.04500041057
422,Student 422,3.7911122956989622,Physics,Facebook,Placed,82396.23914089496
423,Student 423,2.452698464396928,Mechanical Engineering,Microsoft,Placed,70217.7938380033
424,Student 424,3.561860957116753,Physics,Facebook,Placed,64769.99863820705
425,Student 425,3.434946522903148,Mechanical Engineering,Microsoft,Placed,81623.63037382034
426,Student 426,3.5469766146927846,Physics,Google,Placed,79897.08683666281
427,Student 427,3.971523043661259,Electrical Engineering,Apple,Placed,80020.75021919367
428,Student 428,2.1301614164052216,Mathematics,Amazon,Placed,90268.00578850968
429,Student 429,3.2153439732649076,Mathematics,Amazon,Not Placed,
430,Student 430,3.634952177470381,Mathematics,Tesla,Placed,90106.93715987806
431,Student 431,3.266577226973619,Mechanical Engineering,Microsoft,Placed,72567.72459982682
432,Student 432,2.7915469434368703,Mathematics,Google,Not Placed,
433,Student 433,3.934481743448398,Computer Science,Tesla,Placed,71742.20636748729
434,Student 434,3.638435952923064,Computer Science,Tesla,Placed,80896.19857839252
435,Student 435,3.0144477147777575,Mathematics,Tesla,Placed,60941.82125200072
436,Student 436,3.6574086022579118,Mathematics,Google,Placed,74319.14279712806
437,Student 437,3.910792856024898,Mechanical Engineering,Google,Placed,74842.43454714648
438,Student 438,3.5026463231496803,Mathematics,Microsoft,Placed,92639.30202363194
439,Student 439,3.9002824017154984,Physics,Google,Placed,81506.98143787218
440,Student 440,3.5391300875808307,Electrical Engineering,Tesla,Not Placed,
441,Student 441,3.3023855086728227,Mechanical Engineering,Microsoft,Placed,80059.38814386503
442,Student 442,2.9202897418000435,Mechanical Engineering,Tesla,Placed,69510.99628537285
443,Student 443,3.4570346165141936,Computer Science,Tesla,Not Placed,
444,Student 444,3.597146469022886,Mechanical Engineering,Amazon,Placed,71545.58657932433
445,Student 445,3.9379163807936655,Mechanical Engineering,Google,Placed,74737.56659227241
446,Student 446,3.4424462657563866,Electrical Engineering,Facebook,Not Placed,
447,Student 447,3.7287078031104954,Physics,Amazon,Placed,89455.38789447106
448,Student 448,3.0176939931331357,Electrical Engineering,Amazon,Placed,77986.15456717256
449,Student 449,3.1086854220862374,Physics,Facebook,Not Placed,
450,Student 450,3.4448053504865563,Computer Science,Tesla,Not Placed,
451,Student 451,2.972685768007493,Electrical Engineering,Facebook,Placed,86655.89286954631
452,Student 452,3.9101239186623404,Electrical Engineering,Google,Placed,80036.16300950703
453,Student 453,3.7315651646593038,Electrical Engineering,Tesla,Placed,95466.71838212419
454,Student 454,3.6395478821962266,Mathematics,Apple,Not Placed,
455,Student 455,3.6694520626079723,Mathematics,Tesla,Not Placed,
456,Student 456,4.5105217807423985,Electrical Engineering,Tesla,Placed,90883.35209809507
457,Student 457,3.265567906016602,Mechanical Engineering,Google,Placed,79184.51486659472
458,Student 458,2.3992793572497213,Computer Science,Tesla,Placed,74469.38088931618
459,Student 459,3.5996500984482327,Mechanical Engineering,Facebook,Not Placed,
460,Student 460,3.474698229519167,Computer Science,Tesla,Placed,76686.91363970499
461,Student 461,3.2412404787447984,Computer Science,Amazon,Not Placed,
462,Student 462,3.010585070320615,Mathematics,Facebook,Placed,72316.16680702323
463,Student 463,3.280405239098926,Computer Science,Facebook,Placed,71638.69873172013
464,Student 464,3.5906692146089108,Electrical Engineering,Tesla,Placed,98105.81760583611
465,Student 465,3.248591649678731,Electrical Engineering,Google,Placed,72129.67262737315
466,Student 466,4.706226839771874,Computer Science,Amazon,Placed,74152.29063582531
467,Student 467,3.019747809183426,Mathematics,Facebook,Not Placed,
468,Student 468,3.1034413186461642,Mechanical Engineering,Microsoft,Placed,96299.82244007823
469,Student 469,2.3556899799927358,Mathematics,Facebook,Not Placed,
470,Student 470,3.6257422075107684,Mathematics,Microsoft,Not Placed,
471,Student 471,2.4917966861001197,Mechanical Engineering,Tesla,Placed,89751.38410578629
472,Student 472,3.2302726833127493,Electrical Engineering,Amazon,Not Placed,
473,Student 473,3.3621647327197217,Physics,Apple,Placed,74589.53218080329
474,Student 474,3.145136017076556,Mathematics,Facebook,Placed,79085.62268750489
475,Student 475,4.3694363387272555,Electrical Engineering,Microsoft,Not Placed,
476,Student 476,3.9971971956577494,Computer Science,Facebook,Not Placed,
477,Student 477,4.159568438150788,Mathematics,Amazon,Placed,79815.70949806632
478,Student 478,3.0587905907250406,Mathematics,Facebook,Placed,76767.113637445
479,Student 479,4.064297032257285,Computer Science,Microsoft,Placed,82362.25489568284
480,Student 480,3.748000473171981,Physics,Facebook,Not Placed,
481,Student 481,3.8857029743384226,Physics,Amazon,Placed,80451.13003812966
482,Student 482,4.014719414391384,Mechanical Engineering,Tesla,Placed,114275.38547002494
483,Student 483,3.0456183770204737,Computer Science,Amazon,Placed,86046.82030245801
484,Student 484,3.2878411895110493,Electrical Engineering,Amazon,Placed,96683.11059634325
485,Student 485,3.9312980056642255,Electrical Engineering,Google,Placed,76449.16877544079
486,Student 486,2.172190453512534,Physics,Tesla,Placed,72484.31009869062
487,Student 487,4.256664041286602,Mechanical Engineering,Facebook,Placed,83097.03589371659
488,Student 488,3.776566032103792,Mechanical Engineering,Apple,Placed,66582.95056575965
489,Student 489,3.4771480196698827,Electrical Engineering,Facebook,Placed,56930.42234554206
490,Student 490,3.6102538278785867,Mechanical Engineering,Facebook,Placed,87315.92505022138
491,Student 491,2.985032358345512,Physics,Microsoft,Placed,86413.38144972229
492,Student 492,3.325028317705448,Physics,Amazon,Placed,88338.51221753072
493,Student 493,4.050142169110186,Mechanical Engineering,Amazon,Not Placed,
494,Student 494,4.149010986163111,Physics,Tesla,Placed,99783.72699879663
495,Student 495,4.84811202628179,Physics,Google,Placed,79126.71812942385
496,Student 496,3.4630376668597926,Mechanical Engineering,Facebook,Not Placed,
497,Student 497,3.1707235165974983,Physics,Microsoft,Placed,49935.01284992674
498,Student 498,3.242883017030006,Computer Science,Apple,Placed,79528.34132346758
499,Student 499,2.9909790623563177,Physics,Amazon,Placed,88318.77785059679
500,Student 500,3.4610726220295747,Mathematics,Google,Not Placed,
501,Student 501,3.691366215006134,Electrical Engineering,Microsoft,Not Placed,
502,Student 502,3.482878859734023,Computer Science,Microsoft,Placed,102948.81166255391
503,Student 503,4.0481734228329,Mechanical Engineering,Apple,Placed,78266.497916228
504,Student 504,3.382892099327732,Electrical Engineering,Tesla,Not Placed,
505,Student 505,3.3262746737507185,Mathematics,Facebook,Placed,64141.47424819975
506,Student 506,3.2093657615698374,Electrical Engineering,Microsoft,Placed,90313.19104356626
507,Student 507,2.6836827368827523,Physics,Microsoft,Placed,80634.9048038677
508,Student 508,2.716116137845773,Electrical Engineering,Facebook,Placed,77786.09501652936
509,Student 509,2.910421034681156,Mechanical Engineering,Apple,Placed,78366.0107999351
510,Student 510,4.15071403583238,Physics,Facebook,Not Placed,
511,Student 511,3.947630136444965,Physics,Amazon,Placed,76911.9709065475
512,Student 512,4.187482033196495,Mathematics,Tesla,Placed,81986.72970149665
513,Student 513,2.833894172702749,Electrical Engineering,Apple,Placed,78257.07865933598
514,Student 514,2.5156876551069898,Mathematics,Amazon,Placed,68442.07521036797
515,Student 515,3.1699718399329586,Physics,Apple,Placed,84170.53888992124
516,Student 516,3.587909476648014,Physics,Facebook,Placed,73921.32051610532
517,Student 517,3.7493451374549136,Mathematics,Facebook,Placed,90479.8661479213
518,Student 518,4.023986077984026,Physics,Apple,Placed,79661.73033427619
519,Student 519,3.6421398354036074,Electrical Engineering,Facebook,Not Placed,
520,Student 520,4.3713343903278155,Computer Science,Apple,Placed,59507.68086755334
521,Student 521,3.3886971595258397,Mathematics,Google,Not Placed,
522,Student 522,3.043460390979102,Mechanical Engineering,Facebook,Placed,89396.1439350745
523,Student 523,2.6593908922527834,Computer Science,Apple,Placed,72661.83273973822
524,Student 524,3.055514320952275,Mechanical Engineering,Facebook,Placed,74675.6234100105
525,Student 525,3.6210589804925615,Physics,Amazon,Placed,77220.60032731721
526,Student 526,3.0556398713231845,Computer Science,Amazon,Placed,93637.42592827343
527,Student 527,3.9683712317676285,Physics,Microsoft,Placed,83741.37997801583
528,Student 528,4.2061638530187215,Physics,Facebook,Placed,93102.64603383328
529,Student 529,2.3152065473866985,Mathematics,Google,Not Placed,
530,Student 530,3.932026150248824,Mechanical Engineering,Amazon,Placed,82131.76263766391
531,Student 531,2.3801979706691316,Electrical Engineering,Google,Placed,67967.56544624025
532,Student 532,3.7007495275451436,Mathematics,Microsoft,Not Placed,
533,Student 533,4.11243528209683,Mathematics,Google,Placed,81086.48203694854
534,Student 534,3.532428053171788,Mechanical Engineering,Amazon,Placed,80441.29098796276
535,Student 535,2.86015541339788,Mathematics,Tesla,Placed,83383.1553922566
536,Student 536,3.207284397861114,Mechanical Engineering,Google,Placed,94467.92073920323
537,Student 537,3.3691772771445496,Mathematics,Facebook,Not Placed,
538,Student 538,3.4088776081050285,Computer Science,Google,Not Placed,
539,Student 539,3.3985515796166665,Mechanical Engineering,Tesla,Placed,71484.77415596209
540,Student 540,3.445058610345343,Electrical Engineering,Apple,Placed,84221.84607969092
541,Student 541,3.6067400244550845,Mathematics,Tesla,Placed,100092.18561174876
542,Student 542,2.895713173133389,Computer Science,Apple,Placed,75101.852687414
543,Student 543,3.37899008506489,Electrical Engineering,Tesla,Not Placed,
544,Student 544,4.259130585177853,Mathematics,Google,Not Placed,
545,Student 545,3.3076772884287413,Mathematics,Apple,Placed,78621.00301101293
546,Student 546,3.2780819534224013,Physics,Apple,Placed,64996.4672383567
547,Student 547,4.039098651857119,Mathematics,Tesla,Not Placed,
548,Student 548,2.2204076668279518,Electrical Engineering,Google,Placed,85809.32588853834
549,Student 549,4.090689300644143,Electrical Engineering,Google,Placed,88915.15319989245
550,Student 550,3.1840481209974163,Computer Science,Google,Placed,87845.55334320996
551,Student 551,3.5819642862262935,Physics,Apple,Placed,91464.32013867845
552,Student 552,3.5481606779605985,Computer Science,Apple,Not Placed,
553,Student 553,3.9712340596101967,Computer Science,Facebook,Not Placed,
554,Student 554,3.366202626882326,Mathematics,Facebook,Placed,64811.31340842471
555,Student 555,3.160987109217775,Computer Science,Apple,Placed,83173.28953702337
556,Student 556,4.1489228953255495,Mechanical Engineering,Google,Placed,86126.80785391098
557,Student 557,2.3179130914294097,Physics,Microsoft,Placed,74167.88705184014
558,Student 558,3.5101670908526215,Mathematics,Microsoft,Placed,86440.01698894911
559,Student 559,2.82603728868544,Mechanical Engineering,Apple,Not Placed,
560,Student 560,3.1192133058717206,Electrical Engineering,Apple,Placed,87510.99597794536
561,Student 561,4.505628340731569,Physics,Google,Placed,83002.843236208
562,Student 562,3.4777022867720713,Electrical Engineering,Google,Placed,101106.0853358802
563,Student 563,3.5975348485756906,Electrical Engineering,Microsoft,Placed,94130.85536865267
564,Student 564,2.6092185721472045,Mathematics,Microsoft,Placed,95069.8035855853
565,Student 565,3.1354776706026524,Mechanical Engineering,Tesla,Placed,88173.97096368166
566,Student 566,3.5982787003643923,Physics,Google,Placed,86466.15613915258
567,Student 567,3.677378846556609,Mathematics,Amazon,Not Placed,
568,Student 568,3.8084432771966394,Computer Science,Tesla,Placed,76649.08699648213
569,Student 569,3.5043139494587883,Physics,Google,Placed,98267.28470660865
570,Student 570,3.76350210422733,Mathematics,Amazon,Not Placed,
571,Student 571,3.726890956317842,Physics,Amazon,Placed,75497.1816518687
572,Student 572,2.5851297944977345,Physics,Apple,Placed,65807.6591918533
573,Student 573,3.5185028609550746,Mathematics,Apple,Placed,94509.51814032128
574,Student 574,3.883951203866352,Electrical Engineering,Amazon,Not Placed,
575,Student 575,3.7949399103672596,Electrical Engineering,Amazon,Placed,95445.34365931293
576,Student 576,3.318070595014605,Mathematics,Facebook,Placed,75862.37506280701
577,Student 577,3.097186746230316,Physics,Tesla,Placed,74958.67919836262
578,Student 578,2.940844037839184,Electrical Engineering,Amazon,Not Placed,
579,Student 579,3.434472994229294,Mechanical Engineering,Apple,Placed,89388.31726393776
580,Student 580,4.066539939779861,Computer Science,Apple,Placed,52837.196907824255
581,Student 581,2.524097949259199,Computer Science,Apple,Placed,84511.407898572
582,Student 582,3.170054135135251,Mechanical Engineering,Microsoft,Placed,86001.66878252292
583,Student 583,2.930098772286613,Mechanical Engineering,Tesla,Placed,82098.06930900911
584,Student 584,3.89247876062025,Mechanical Engineering,Tesla,Placed,73423.41996175225
585,Student 585,3.2228451867143497,Physics,Tesla,Placed,80284.0844463959
586,Student 586,3.2646811709226045,Electrical Engineering,Facebook,Placed,76019.38519034335
587,Student 587,3.3915252150316757,Mechanical Engineering,Microsoft,Placed,82113.23027609976
588,Student 588,3.7226966254473988,Mathematics,Tesla,Not Placed,
589,Student 589,3.3038055009251814,Computer Science,Microsoft,Not Placed,
590,Student 590,1.9769284726000367,Computer Science,Microsoft,Placed,81637.70446304615
591,Student 591,3.7716559456937597,Mechanical Engineering,Amazon,Placed,88024.38910184393
592,Student 592,3.7195214788360214,Electrical Engineering,Microsoft,Placed,82890.05892395366
593,Student 593,3.3902294858343933,Mechanical Engineering,Google,Placed,74463.57610068769
594,Student 594,2.9579816896640327,Mathematics,Google,Placed,83362.5402037041
595,Student 595,3.675890055340679,Mechanical Engineering,Facebook,Not Placed,
596,Student 596,3.6896177667677934,Physics,Facebook,Placed,95954.0416857619
597,Student 597,3.2649835586495626,Mechanical Engineering,Tesla,Not Placed,
598,Student 598,3.3916342647122306,Physics,Google,Placed,85373.80193359032
599,Student 599,3.0349217487378395,Electrical Engineering,Facebook,Placed,69908.75968786114
600,Student 600,3.4107054539563353,Electrical Engineering,Facebook,Placed,66344.47273079128
601,Student 601,2.7247853274582594,Mathematics,Amazon,Placed,77976.18786280928
602,Student 602,3.7086594105159176,Electrical Engineering,Google,Placed,65908.15218443837
603,Student 603,3.027815754587853,Physics,Microsoft,Placed,72152.15270939372
604,Student 604,3.619051573916156,Electrical Engineering,Facebook,Placed,78298.77695248833
605,Student 605,2.7970185418660503,Physics,Facebook,Not Placed,
606,Student 606,3.20497117706523,Mathematics,Google,Placed,76720.81943689582
607,Student 607,3.444755297467036,Physics,Apple,Placed,66719.9537270189
608,Student 608,2.6696500940653682,Mechanical Engineering,Facebook,Not Placed,
609,Student 609,3.557573936570046,Electrical Engineering,Amazon,Placed,89965.08051066907
610,Student 610,3.3104262185600386,Computer Science,Tesla,Placed,74518.6253221083
611,Student 611,2.628821901095385,Mechanical Engineering,Apple,Placed,87257.55344191214
612,Student 612,2.848378622943842,Physics,Amazon,Placed,106627.26713718078
613,Student 613,3.802560042041083,Mechanical Engineering,Amazon,Placed,79081.88969865548
614,Student 614,3.947777992775662,Mechanical Engineering,Amazon,Placed,86512.10007949529
615,Student 615,3.4340456801100165,Mechanical Engineering,Google,Placed,81967.70090087356
616,Student 616,3.702380906020249,Mechanical Engineering,Google,Placed,89696.23729224046
617,Student 617,3.6119217816564553,Physics,Apple,Not Placed,
618,Student 618,3.664811491063869,Electrical Engineering,Apple,Not Placed,
619,Student 619,4.142992003540146,Electrical Engineering,Microsoft,Placed,81434.6392807138
620,Student 620,2.746500800892864,Mechanical Engineering,Microsoft,Placed,88869.62566158465
621,Student 621,3.8382303661808117,Computer Science,Microsoft,Placed,81305.2402586494
622,Student 622,3.30899552221109,Electrical Engineering,Amazon,Placed,63354.26749032356
623,Student 623,3.38787053287418,Physics,Tesla,Placed,71763.86723541605
624,Student 624,3.348875134772465,Physics,Microsoft,Not Placed,
625,Student 625,3.3124264416693583,Electrical Engineering,Apple,Placed,83889.91945003047
626,Student 626,2.8869019041084902,Physics,Tesla,Placed,72379.61040159572
627,Student 627,3.591669599628801,Physics,Microsoft,Placed,73191.92895199229
628,Student 628,4.335471516394429,Mathematics,Google,Not Placed,
629,Student 629,3.4719334897756213,Physics,Facebook,Placed,93353.1627679859
630,Student 630,3.4993074786324523,Electrical Engineering,Microsoft,Not Placed,
631,Student 631,3.156350481421668,Electrical Engineering,Microsoft,Placed,84249.02672349873
632,Student 632,3.4412627267909444,Computer Science,Amazon,Placed,61185.16201468659
633,Student 633,3.7330832130170153,Mechanical Engineering,Amazon,Placed,81983.27059355342
634,Student 634,3.3148787796478287,Electrical Engineering,Microsoft,Placed,91899.78049795827
635,Student 635,3.2730979794739996,Physics,Amazon,Not Placed,
636,Student 636,3.7016322700816233,Computer Science,Google,Placed,81010.60844357472
637,Student 637,3.040997615090477,Mathematics,Tesla,Placed,76113.57026527364
638,Student 638,3.626248313538436,Computer Science,Tesla,Placed,73532.07984408598
639,Student 639,3.910160898630711,Physics,Amazon,Placed,78209.17594806197
640,Student 640,4.179974270839742,Electrical Engineering,Microsoft,Placed,64485.588617636895
641,Student 641,3.4548089963615265,Computer Science,Google,Placed,96104.58978298244
642,Student 642,4.1837986199033566,Physics,Google,Placed,85642.10640394817
643,Student 643,4.017204943240759,Mathematics,Apple,Not Placed,
644,Student 644,3.001893679814467,Computer Science,Amazon,Placed,73801.95225172662
645,Student 645,2.8910307442034244,Physics,Apple,Placed,79296.60379842257
646,Student 646,3.3475181810727896,Mechanical Engineering,Amazon,Placed,87977.94942262843
647,Student 647,4.014467746297427,Electrical Engineering,Apple,Placed,90114.47891218947
648,Student 648,3.4638564962199974,Physics,Facebook,Placed,70963.09069934257
649,Student 649,3.199671221171106,Mechanical Engineering,Microsoft,Placed,70264.71239826345
650,Student 650,4.27612159002428,Electrical Engineering,Amazon,Placed,100782.29962808275
651,Student 651,3.643452244001673,Electrical Engineering,Tesla,Placed,91365.92857715685
652,Student 652,2.3397028621046294,Electrical Engineering,Amazon,Not Placed,
653,Student 653,3.6585803131463446,Mechanical Engineering,Tesla,Placed,78613.5375628263
654,Student 654,3.760020307285434,Computer Science,Apple,Placed,89240.20338262782
655,Student 655,3.612804327235552,Mechanical Engineering,Apple,Placed,67267.66824168884
656,Student 656,3.724856050115996,Mechanical Engineering,Microsoft,Placed,95317.6842153504
657,Student 657,3.466362195538509,Physics,Tesla,Placed,79642.2777526284
658,Student 658,2.840802065177633,Physics,Microsoft,Placed,87908.61502158752
659,Student 659,3.3146479983897734,Mathematics,Google,Placed,86462.17774895176
660,Student 660,3.0271921022218544,Mechanical Engineering,Tesla,Placed,78684.29088738072
661,Student 661,3.033629544602811,Mechanical Engineering,Amazon,Not Placed,
662,Student 662,2.868465825448862,Mathematics,Tesla,Placed,92215.83141275983
663,Student 663,3.726244546319823,Mechanical Engineering,Apple,Placed,90264.97404582589
664,Student 664,3.5489480727063136,Mechanical Engineering,Facebook,Placed,62277.68880019578
665,Student 665,3.275917318659646,Mathematics,Facebook,Not Placed,
666,Student 666,3.175331036134806,Mathematics,Microsoft,Placed,70537.79379643842
667,Student 667,3.488288447489274,Mathematics,Google,Placed,71064.54601700298
668,Student 668,4.039597364056244,Electrical Engineering,Microsoft,Placed,68814.7412741277
669,Student 669,2.4978921422505422,Physics,Google,Placed,82721.10643262288
670,Student 670,3.688438260425446,Mathematics,Facebook,Not Placed,
671,Student 671,3.2271440129911086,Electrical Engineering,Apple,Placed,92061.2462176217
672,Student 672,2.557707077510276,Physics,Facebook,Placed,94528.77765517058
673,Student 673,2.5271484584180204,Mathematics,Facebook,Placed,79713.16762502407
674,Student 674,3.043608252932354,Mechanical Engineering,Microsoft,Not Placed,
675,Student 675,3.6097547778965224,Mechanical Engineering,Amazon,Placed,80242.14310140723
676,Student 676,3.696531466990046,Physics,Amazon,Placed,75652.09353250099
677,Student 677,3.0305092136611074,Computer Science,Microsoft,Placed,80647.85739293914
678,Student 678,4.008510495706623,Physics,Facebook,Placed,89448.60001993066
679,Student 679,4.211491748258053,Electrical Engineering,Facebook,Not Placed,
680,Student 680,3.69804329247828,Mechanical Engineering,Microsoft,Placed,77914.00677775545
681,Student 681,3.2042986660959447,Mechanical Engineering,Google,Placed,82974.05660316872
682,Student 682,4.062209592255184,Mathematics,Microsoft,Placed,83630.84665238541
683,Student 683,3.8776978478316693,Electrical Engineering,Facebook,Not Placed,
684,Student 684,3.933703705677459,Computer Science,Facebook,Placed,84887.85742643471
685,Student 685,3.171768162514234,Electrical Engineering,Google,Placed,82921.21617950863
686,Student 686,2.0827227473626486,Electrical Engineering,Microsoft,Placed,74080.91886527606
687,Student 687,4.558395510741837,Electrical Engineering,Facebook,Not Placed,
688,Student 688,2.6945607982750333,Electrical Engineering,Microsoft,Placed,84395.50206031308
689,Student 689,3.4821159640698895,Computer Science,Tesla,Not Placed,
690,Student 690,4.690372675609876,Electrical Engineering,Google,Placed,74282.80966521561
691,Student 691,3.6652883781371868,Computer Science,Apple,Not Placed,
692,Student 692,3.974623236779118,Physics,Amazon,Placed,81020.59791064067
693,Student 693,2.7488017153091437,Electrical Engineering,Google,Placed,105481.12697815191
694,Student 694,2.611166522633147,Mathematics,Microsoft,Placed,75640.75877047912
695,Student 695,3.233648604010223,Computer Science,Facebook,Placed,67573.9306154771
696,Student 696,4.04537486721725,Computer Science,Amazon,Placed,79723.01541166398
697,Student 697,3.326875276176345,Electrical Engineering,Microsoft,Placed,81750.67458837443
698,Student 698,3.1026818394642506,Mathematics,Apple,Not Placed,
699,Student 699,3.598983644972484,Mathematics,Google,Placed,76908.3148561852
700,Student 700,4.040967609238633,Electrical Engineering,Facebook,Placed,76315.84558612405
701,Student 701,2.777529900463314,Mathematics,Facebook,Placed,76312.3646379445
702,Student 702,2.894728502938324,Computer Science,Google,Placed,73697.74252369395
703,Student 703,3.105665372745317,Electrical Engineering,Microsoft,Placed,66568.0745691156
704,Student 704,4.047319187356045,Electrical Engineering,Microsoft,Placed,87580.38051421757
705,Student 705,3.617410762974366,Electrical Engineering,Google,Placed,74161.59156010325
706,Student 706,4.566076705285222,Physics,Microsoft,Placed,69762.98547599146
707,Student 707,3.968222862915558,Electrical Engineering,Google,Placed,72400.65732182092
708,Student 708,3.482452411565165,Mechanical Engineering,Tesla,Placed,75276.76760253045
709,Student 709,4.132538919044383,Mechanical Engineering,Apple,Not Placed,
710,Student 710,3.605748506365939,Computer Science,Facebook,Placed,86683.38986360488
711,Student 711,3.1475393237462774,Physics,Google,Placed,70468.2050198493
712,Student 712,3.839987422122551,Physics,Facebook,Not Placed,
713,Student 713,3.1518366730694587,Mathematics,Apple,Placed,66544.92271980026
714,Student 714,3.3548014495980665,Electrical Engineering,Apple,Placed,46077.00006577624
715,Student 715,4.163891347978992,Mechanical Engineering,Tesla,Placed,81557.93930731589
716,Student 716,3.4493592568913005,Physics,Google,Placed,95200.03517500743
717,Student 717,3.098429306329186,Mechanical Engineering,Microsoft,Not Placed,
718,Student 718,3.2678311542822542,Mechanical Engineering,Microsoft,Placed,74929.40043857011
719,Student 719,4.010895292794337,Electrical Engineering,Google,Not Placed,
720,Student 720,3.2237296632916355,Mechanical Engineering,Google,Placed,68251.79899004938
721,Student 721,3.3065645765746767,Computer Science,Apple,Placed,78777.0764196742
722,Student 722,3.2448536301831856,Computer Science,Apple,Placed,75722.90746942424
723,Student 723,3.591962747170155,Physics,Facebook,Placed,71472.85767932616
724,Student 724,3.3072551198121958,Physics,Amazon,Not Placed,
725,Student 725,2.6990819755137316,Mathematics,Apple,Placed,105998.67164379057
726,Student 726,3.05640952907748,Mechanical Engineering,Google,Placed,96654.49506434714
727,Student 727,3.033605479246781,Physics,Amazon,Placed,79279.26978677904
728,Student 728,4.121659692227578,Electrical Engineering,Apple,Placed,88841.14654715861
729,Student 729,3.9063370210545214,Physics,Microsoft,Placed,88627.07434069626
730,Student 730,3.793629689699913,Computer Science,Apple,Placed,73524.61974314181
731,Student 731,3.247320841367795,Mechanical Engineering,Apple,Placed,86439.04073500616
732,Student 732,3.0921042290030143,Computer Science,Apple,Placed,65590.07901493848
733,Student 733,3.2462411991713216,Physics,Apple,Placed,71947.01608148418
734,Student 734,2.974059948724163,Physics,Tesla,Placed,82387.52870406132
735,Student 735,4.748600195793504,Computer Science,Google,Placed,75852.12337642875
736,Student 736,2.377339175814299,Mathematics,Amazon,Placed,97564.78643030222
737,Student 737,3.7820042675369043,Mathematics,Google,Placed,86480.40434555346
738,Student 738,2.8577238510037364,Physics,Apple,Placed,76179.61878834027
739,Student 739,3.4478282542526535,Mathematics,Microsoft,Placed,75294.20286886518
740,Student 740,3.005999028753133,Computer Science,Amazon,Not Placed,
741,Student 741,2.9111855187586846,Mechanical Engineering,Facebook,Placed,69444.68711357817
742,Student 742,2.929901849532519,Physics,Google,Placed,85956.11953294548
743,Student 743,4.377493076871029,Electrical Engineering,Facebook,Not Placed,
744,Student 744,3.433505788845204,Mathematics,Microsoft,Placed,86230.10195960739
745,Student 745,3.117148902760957,Mathematics,Apple,Placed,78354.05268019588
746,Student 746,3.7778934820414367,Electrical Engineering,Microsoft,Placed,84146.13518091265
747,Student 747,3.5051746572831495,Electrical Engineering,Google,Placed,69874.14074662037
748,Student 748,3.8600168796708263,Computer Science,Amazon,Placed,82449.85207088117
749,Student 749,2.587871672031085,Computer Science,Google,Placed,104123.47741512654
750,Student 750,3.6518019522310006,Mathematics,Microsoft,Placed,75427.83247539336
751,Student 751,3.886347418551191,Mechanical Engineering,Microsoft,Placed,83173.99860329024
752,Student 752,2.6692008544427184,Computer Science,Google,Placed,95055.66949757308
753,Student 753,3.7240976422116563,Computer Science,Facebook,Placed,87617.04144860135
754,Student 754,4.3480907864140805,Physics,Facebook,Placed,84318.8548414463
755,Student 755,3.4925711483226487,Physics,Google,Placed,69863.10727478808
756,Student 756,3.9107029685124055,Computer Science,Google,Placed,67224.11627703349
757,Student 757,3.835285225155455,Mechanical Engineering,Microsoft,Placed,80534.32440682458
758,Student 758,3.1462471512447117,Mathematics,Tesla,Placed,75367.64144686797
759,Student 759,3.5198833672932475,Electrical Engineering,Google,Placed,79809.4178622471
760,Student 760,2.7165026445691987,Computer Science,Apple,Placed,82056.56674019517
761,Student 761,3.274348481448737,Mechanical Engineering,Microsoft,Placed,73235.72161157115
762,Student 762,3.6328439874831178,Mechanical Engineering,Tesla,Placed,84941.03026013919
763,Student 763,3.861550246868899,Mechanical Engineering,Amazon,Not Placed,
764,Student 764,3.512306062623956,Computer Science,Tesla,Placed,69906.59012619556
765,Student 765,3.8599918650715828,Computer Science,Amazon,Placed,75304.53641479088
766,Student 766,2.948546893522315,Mechanical Engineering,Tesla,Placed,79503.89341320003
767,Student 767,3.449151362722564,Mechanical Engineering,Microsoft,Placed,91404.59673940591
768,Student 768,3.5096396922565387,Computer Science,Apple,Placed,68136.17999318297
769,Student 769,4.4247956233398185,Mathematics,Microsoft,Not Placed,
770,Student 770,3.392916671899958,Computer Science,Tesla,Placed,58363.38987183638
771,Student 771,3.2504916810029085,Physics,Tesla,Placed,75596.3778678615
772,Student 772,3.510675611921774,Mechanical Engineering,Amazon,Placed,86801.45766021832
773,Student 773,3.040443277565028,Mathematics,Google,Placed,90652.2470897814
774,Student 774,3.596376924532608,Electrical Engineering,Microsoft,Not Placed,
775,Student 775,3.3174723917268714,Computer Science,Amazon,Placed,73990.43020617543
776,Student 776,2.604336225979408,Mechanical Engineering,Tesla,Not Placed,
777,Student 777,3.4707067244330694,Computer Science,Tesla,Placed,82043.18590616116
778,Student 778,3.3412284530349003,Electrical Engineering,Google,Placed,60792.944010700696
779,Student 779,2.6837883489660084,Computer Science,Microsoft,Placed,67719.0516738446
780,Student 780,3.4664329226927393,Mathematics,Tesla,Placed,95118.65305196297
781,Student 781,4.24467798103724,Electrical Engineering,Apple,Placed,83222.05082975271
782,Student 782,3.760651874137857,Physics,Google,Not Placed,
783,Student 783,3.805963596365579,Physics,Google,Placed,88199.53108061785
784,Student 784,2.8292516372084786,Mechanical Engineering,Amazon,Placed,90614.3495976264
785,Student 785,3.7384491844611114,Physics,Amazon,Placed,75649.65970540309
786,Student 786,3.574224790690039,Computer Science,Amazon,Placed,86576.82096386785
787,Student 787,3.7645226191672156,Mathematics,Tesla,Not Placed,
788,Student 788,3.7113143108544127,Physics,Facebook,Placed,89735.76795188157
789,Student 789,2.820109637248093,Mechanical Engineering,Google,Placed,91751.55391919875
790,Student 790,3.479299594221016,Computer Science,Microsoft,Placed,68752.97285236267
791,Student 791,3.121064569787417,Mechanical Engineering,Apple,Placed,82820.85399515304
792,Student 792,3.474957952857589,Mechanical Engineering,Tesla,Placed,76618.7945695256
793,Student 793,3.051299536549085,Mathematics,Tesla,Placed,78974.70519229173
794,Student 794,4.156235183570498,Mathematics,Microsoft,Placed,75751.19555464931
795,Student 795,3.070513805777829,Mechanical Engineering,Tesla,Placed,66677.0453314518
796,Student 796,3.0505289217672322,Mechanical Engineering,Microsoft,Placed,98904.03703081656
797,Student 797,3.5372932032717768,Physics,Facebook,Placed,76896.89150420783
798,Student 798,2.9614504652980025,Physics,Microsoft,Placed,81047.5504426223
799,Student 799,3.287668348783567,Electrical Engineering,Google,Placed,69905.99419748568
800,Student 800,3.085017701231019,Mathematics,Tesla,Placed,69631.32838875653
801,Student 801,4.205586031944806,Physics,Tesla,Placed,84125.984150755
802,Student 802,3.8929019134155864,Mechanical Engineering,Apple,Placed,85263.92080151112
803,Student 803,3.471265240767303,Physics,Microsoft,Placed,88779.24169324744
804,Student 804,3.304391473912992,Electrical Engineering,Apple,Not Placed,
805,Student 805,3.9704588072875566,Physics,Facebook,Not Placed,
806,Student 806,3.702602040161444,Mechanical Engineering,Apple,Placed,75557.9693600705
807,Student 807,3.7490262023414282,Physics,Facebook,Placed,87468.13832848934
808,Student 808,3.4869038813278745,Physics,Apple,Not Placed,
809,Student 809,2.655884986114284,Mathematics,Amazon,Not Placed,
810,Student 810,3.4437670087202235,Mathematics,Google,Placed,83745.00287242289
811,Student 811,3.233755040395466,Electrical Engineering,Microsoft,Placed,91550.26434583498
812,Student 812,3.8225276367299386,Electrical Engineering,Tesla,Placed,86703.91688847831
813,Student 813,4.005921216497095,Physics,Amazon,Placed,69455.54176108839
814,Student 814,3.1710244776194156,Mathematics,Amazon,Placed,71343.66358413974
815,Student 815,3.734192617138526,Mathematics,Amazon,Placed,87324.85297007389
816,Student 816,4.367939498842857,Physics,Tesla,Placed,99070.55842417774
817,Student 817,3.1661436397147207,Mathematics,Amazon,Placed,66771.88299216982
818,Student 818,4.340960870036569,Computer Science,Amazon,Placed,80232.11604325272
819,Student 819,3.0737070764146766,Mechanical Engineering,Tesla,Placed,82816.74557480491
820,Student 820,3.5114798778039757,Computer Science,Google,Placed,64742.22488134453
821,Student 821,3.4944271940790794,Computer Science,Facebook,Placed,84781.24996363014
822,Student 822,3.5057494499350312,Computer Science,Amazon,Placed,79068.77207952562
823,Student 823,3.0811609790460275,Mathematics,Microsoft,Placed,59034.42518784352
824,Student 824,3.204408448117785,Physics,Google,Placed,96217.27978249596
825,Student 825,3.1661398568203003,Electrical Engineering,Tesla,Not Placed,
826,Student 826,3.6634812977022286,Mechanical Engineering,Google,Placed,67174.96585704958
827,Student 827,3.665017557255156,Mechanical Engineering,Google,Placed,84201.41622211694
828,Student 828,4.612972165869129,Computer Science,Apple,Placed,85574.86795904896
829,Student 829,4.185494503145561,Electrical Engineering,Tesla,Placed,87364.11403696272
830,Student 830,3.2450783789307605,Physics,Google,Placed,76139.96637790688
831,Student 831,3.662434807898093,Electrical Engineering,Tesla,Not Placed,
832,Student 832,3.9985589903958796,Electrical Engineering,Facebook,Placed,72691.93236826135
833,Student 833,3.515300912169259,Mechanical Engineering,Amazon,Placed,66898.02694367792
834,Student 834,3.4651792107765322,Mathematics,Tesla,Placed,90791.30649054235
835,Student 835,3.5257874713849446,Computer Science,Google,Placed,78972.37314982206
836,Student 836,3.933638314404214,Mathematics,Tesla,Placed,78176.85744577044
837,Student 837,3.075839738597384,Mechanical Engineering,Apple,Placed,60007.32408004668
838,Student 838,3.337165265589913,Electrical Engineering,Facebook,Placed,78216.28895719664
839,Student 839,3.735216572423241,Computer Science,Apple,Placed,71575.0550290855
840,Student 840,3.655723535777078,Physics,Apple,Placed,78253.86346850183
841,Student 841,3.6197913799281958,Physics,Facebook,Placed,77807.55848143128
842,Student 842,3.3150994168480983,Electrical Engineering,Facebook,Placed,75535.35208667038
843,Student 843,3.9862678945712684,Mathematics,Facebook,Placed,89388.38642911139
844,Student 844,4.566934123602269,Mathematics,Tesla,Not Placed,
845,Student 845,3.7032077468381033,Computer Science,Google,Placed,91271.54514471546
846,Student 846,3.40341164922508,Mechanical Engineering,Amazon,Placed,66751.72630040275
847,Student 847,3.877870144447271,Mathematics,Microsoft,Placed,73510.44072552185
848,Student 848,3.230433681623505,Physics,Amazon,Placed,79597.19181677714
849,Student 849,3.1251548276485517,Physics,Facebook,Placed,75933.61030096567
850,Student 850,3.5164043738068558,Physics,Apple,Not Placed,
851,Student 851,2.2086016835150275,Mathematics,Facebook,Not Placed,
852,Student 852,2.923024818173995,Electrical Engineering,Google,Not Placed,
853,Student 853,3.326019072039577,Mathematics,Facebook,Placed,63584.46045147987
854,Student 854,2.823305570926143,Mathematics,Facebook,Placed,71099.7444822676
855,Student 855,2.983678449053935,Computer Science,Tesla,Not Placed,
856,Student 856,3.2816258312709965,Mechanical Engineering,Tesla,Placed,77857.93115234049
857,Student 857,2.6785173532346955,Mathematics,Google,Placed,95057.53238757508
858,Student 858,3.296964101870084,Mathematics,Google,Placed,74044.6612569432
859,Student 859,3.2323649177335776,Mechanical Engineering,Facebook,Placed,81190.71080872329
860,Student 860,3.512702604192508,Physics,Apple,Placed,67867.47669847582
861,Student 861,4.077092015247009,Mechanical Engineering,Apple,Placed,106006.71870417404
862,Student 862,3.586252208246433,Mathematics,Google,Not Placed,
863,Student 863,3.510531010671032,Electrical Engineering,Apple,Not Placed,
864,Student 864,3.549727228515356,Computer Science,Facebook,Placed,84133.85020867153
865,Student 865,3.613696387560564,Computer Science,Microsoft,Placed,74161.21185160724
866,Student 866,2.9916306756951156,Mechanical Engineering,Facebook,Placed,66690.9871846431
867,Student 867,3.4426123376146007,Mechanical Engineering,Tesla,Placed,81561.43124538807
868,Student 868,3.6543756209183065,Physics,Apple,Not Placed,
869,Student 869,2.8146200087284696,Computer Science,Apple,Placed,78444.95698508268
870,Student 870,3.9328264614079265,Mechanical Engineering,Apple,Placed,86513.02058797382
871,Student 871,4.040688017229095,Mathematics,Google,Placed,80782.4115584038
872,Student 872,3.184312005775306,Mathematics,Facebook,Placed,83771.16297368596
873,Student 873,3.3793311042734477,Electrical Engineering,Facebook,Placed,81500.46576055772
874,Student 874,3.0609048285949636,Electrical Engineering,Microsoft,Placed,65327.50667349492
875,Student 875,3.8496902417939087,Mechanical Engineering,Facebook,Placed,93960.62195701338
876,Student 876,2.969388856277045,Physics,Apple,Placed,91758.52296434753
877,Student 877,3.38876149487854,Physics,Microsoft,Placed,68638.35145743283
878,Student 878,3.070540046096164,Physics,Microsoft,Not Placed,
879,Student 879,3.5254771385056447,Physics,Google,Placed,73379.75729838143
880,Student 880,2.6028853642551395,Computer Science,Apple,Placed,72530.83662936729
881,Student 881,4.163230821182847,Physics,Microsoft,Placed,79951.58338664952
882,Student 882,3.017696787896868,Electrical Engineering,Apple,Not Placed,
883,Student 883,3.529947341558138,Electrical Engineering,Apple,Placed,90579.57561481885
884,Student 884,3.3937384776148454,Computer Science,Facebook,Placed,86052.21358331857
885,Student 885,3.118942744038751,Mechanical Engineering,Amazon,Placed,68493.94364245949
886,Student 886,3.056109931682032,Mathematics,Tesla,Not Placed,
887,Student 887,3.9681992717762298,Electrical Engineering,Apple,Placed,88737.31045660676
888,Student 888,3.23717970344903,Electrical Engineering,Facebook,Placed,56511.62580084888
889,Student 889,3.6355850923186557,Computer Science,Google,Placed,83994.74335208492
890,Student 890,3.0992515573028125,Electrical Engineering,Facebook,Placed,75113.05284081916
891,Student 891,3.1764092840761196,Mathematics,Tesla,Placed,84099.82355948967
892,Student 892,3.7361235750439246,Computer Science,Google,Placed,84006.40366809527
893,Student 893,3.9652042480555583,Physics,Google,Placed,70814.80923529895
894,Student 894,3.41234179883649,Physics,Google,Placed,98258.85752307693
895,Student 895,2.7890400641797815,Physics,Amazon,Not Placed,
896,Student 896,4.498978039875002,Mathematics,Tesla,Not Placed,
897,Student 897,3.0717253458828955,Mechanical Engineering,Google,Placed,93514.23564748203
898,Student 898,2.7292063001641065,Electrical Engineering,Facebook,Placed,72618.42402048013
899,Student 899,4.797212293884076,Mathematics,Facebook,Not Placed,
900,Student 900,3.2979838530745313,Mechanical Engineering,Amazon,Not Placed,
901,Student 901,2.769133655869296,Computer Science,Tesla,Placed,93928.37432756857
902,Student 902,3.158280116605659,Mathematics,Facebook,Placed,66229.81429208863
903,Student 903,3.6837724480111347,Computer Science,Google,Placed,100112.43186157662
904,Student 904,3.5951557787969697,Mechanical Engineering,Google,Placed,77644.96685666147
905,Student 905,3.074135401373205,Mathematics,Apple,Placed,86917.84528512384
906,Student 906,4.41136180006398,Electrical Engineering,Tesla,Not Placed,
907,Student 907,3.2392101610033133,Mechanical Engineering,Facebook,Placed,70286.57680166673
908,Student 908,2.907656704794224,Electrical Engineering,Microsoft,Placed,71359.51861052774
909,Student 909,3.98034669923033,Computer Science,Google,Placed,59164.07660705075
910,Student 910,4.164531423269841,Electrical Engineering,Google,Not Placed,
911,Student 911,3.0912534511918865,Mathematics,Google,Placed,65175.24039257376
912,Student 912,2.7993263534803448,Mathematics,Apple,Placed,80401.90515770293
913,Student 913,4.015219133707802,Physics,Facebook,Placed,93694.02152722082
914,Student 914,2.476338193471019,Electrical Engineering,Apple,Placed,79728.55069333526
915,Student 915,2.8866891703016924,Physics,Apple,Placed,83388.54162182736
916,Student 916,3.9837230750251176,Mechanical Engineering,Tesla,Placed,87780.03543367928
917,Student 917,3.4723237259888053,Computer Science,Amazon,Placed,86797.09441020299
918,Student 918,3.3680313257036563,Mechanical Engineering,Tesla,Placed,76141.68499888499
919,Student 919,3.676408303247189,Computer Science,Amazon,Placed,65366.549391664994
920,Student 920,3.4236127882272958,Electrical Engineering,Microsoft,Placed,75701.9448995935
921,Student 921,2.850656638918455,Mathematics,Tesla,Placed,80629.59355263905
922,Student 922,4.138037673003094,Electrical Engineering,Facebook,Placed,71283.5478722919
923,Student 923,4.162507026443407,Computer Science,Facebook,Placed,83619.60710701048
924,Student 924,3.60266628188898,Physics,Facebook,Placed,77072.87904057857
925,Student 925,3.522567007716005,Computer Science,Facebook,Placed,86218.21527510893
926,Student 926,4.669812403010029,Physics,Google,Placed,71967.60523815175
927,Student 927,3.3617835774920812,Mechanical Engineering,Microsoft,Placed,70780.32340690616
928,Student 928,3.3702115090829805,Mathematics,Google,Placed,97740.56337703938
929,Student 929,3.6822406246202526,Mechanical Engineering,Amazon,Placed,80287.56237713686
930,Student 930,4.235660978071169,Electrical Engineering,Apple,Placed,85529.63849395537
931,Student 931,4.2963853772087415,Physics,Amazon,Placed,69015.77747107847
932,Student 932,3.3707136841616143,Physics,Tesla,Placed,76227.35544517873
933,Student 933,3.6541656229796726,Mechanical Engineering,Facebook,Placed,86821.69482807614
934,Student 934,2.8109582664679613,Mathematics,Microsoft,Placed,95656.15859646085
935,Student 935,3.3440119460418933,Mathematics,Facebook,Placed,72755.14925200456
936,Student 936,3.0798548022603467,Mechanical Engineering,Microsoft,Placed,71970.82588561033
937,Student 937,2.996584123850508,Mathematics,Microsoft,Placed,79773.31059655652
938,Student 938,4.340788358133664,Electrical Engineering,Amazon,Placed,64756.04850251138
939,Student 939,3.1038566690969276,Computer Science,Tesla,Placed,79698.66693522374
940,Student 940,3.2341970459942724,Physics,Apple,Placed,79352.71615384606
941,Student 941,3.6829243939584293,Physics,Microsoft,Placed,87247.49150329261
942,Student 942,4.148912633486793,Physics,Apple,Placed,94146.09742688971
943,Student 943,3.7405575631944177,Computer Science,Microsoft,Placed,85698.4431780009
944,Student 944,4.879677557010791,Electrical Engineering,Microsoft,Placed,87415.51050959689
945,Student 945,3.4626660108744254,Mechanical Engineering,Amazon,Placed,80522.78951134301
946,Student 946,3.629358220114873,Mathematics,Google,Placed,76402.5542352384
947,Student 947,3.637800336992028,Mathematics,Microsoft,Placed,60040.231308432354
948,Student 948,4.217524693394577,Computer Science,Google,Placed,71137.79180825384
949,Student 949,3.7536194755548076,Physics,Amazon,Placed,82172.66684693331
950,Student 950,3.4418851498064256,Mathematics,Microsoft,Not Placed,
951,Student 951,3.0262557025465604,Mechanical Engineering,Facebook,Placed,82428.8982278327
952,Student 952,3.622221727980816,Mathematics,Tesla,Placed,75991.65289732048
953,Student 953,4.20067241564598,Physics,Microsoft,Placed,69784.4014741831
954,Student 954,3.294809103171065,Mechanical Engineering,Microsoft,Placed,75299.75683344997
955,Student 955,3.764471809208291,Physics,Tesla,Not Placed,
956,Student 956,3.623073894342422,Physics,Tesla,Placed,88855.01109619478
957,Student 957,3.9317598291906575,Computer Science,Microsoft,Not Placed,
958,Student 958,3.0976231296810655,Physics,Apple,Placed,78505.1598785133
959,Student 959,4.673323515263281,Mechanical Engineering,Amazon,Not Placed,
960,Student 960,2.8604194464858708,Computer Science,Facebook,Not Placed,
961,Student 961,3.3172244550069814,Computer Science,Apple,Placed,81088.15270914213
962,Student 962,3.969046270452823,Mechanical Engineering,Facebook,Not Placed,
963,Student 963,3.6483665862470565,Computer Science,Microsoft,Placed,75199.66343181704
964,Student 964,3.9149930795405514,Mechanical Engineering,Facebook,Placed,98287.75429388226
965,Student 965,3.251948833008719,Mathematics,Google,Not Placed,
966,Student 966,3.4625975086598295,Computer Science,Tesla,Not Placed,
967,Student 967,3.5061159918194087,Mathematics,Facebook,Placed,81494.71758558406
968,Student 968,4.284629807267952,Computer Science,Facebook,Not Placed,
969,Student 969,3.8452145121915247,Physics,Tesla,Placed,91938.10490625256
970,Student 970,3.8983360541823355,Mechanical Engineering,Google,Not Placed,
971,Student 971,3.1710369537316025,Physics,Amazon,Not Placed,
972,Student 972,3.9844413192815256,Mathematics,Facebook,Not Placed,
973,Student 973,3.6127908317844017,Mechanical Engineering,Amazon,Placed,86492.10527834212
974,Student 974,4.194572657838964,Mechanical Engineering,Microsoft,Placed,74527.97255990456
975,Student 975,4.507030077459234,Mathematics,Microsoft,Placed,97127.24930895693
976,Student 976,3.3466171119864976,Mechanical Engineering,Tesla,Placed,73127.0297744927
977,Student 977,3.296848434777469,Mechanical Engineering,Google,Placed,87078.72158693135
978,Student 978,3.067977504448815,Computer Science,Google,Placed,79780.88763854475
979,Student 979,3.4282102441418396,Electrical Engineering,Apple,Placed,74127.81435975479
980,Student 980,3.3089872755248084,Physics,Amazon,Placed,73571.48701037432
981,Student 981,3.679752199785505,Electrical Engineering,Facebook,Placed,74136.53089079766
982,Student 982,3.427716591533132,Mechanical Engineering,Amazon,Placed,75531.28934946703
983,Student 983,3.31920035960919,Electrical Engineering,Microsoft,Placed,69811.14400644091
984,Student 984,4.032292568063926,Computer Science,Microsoft,Placed,86974.0970321177
985,Student 985,3.031059884424274,Mathematics,Amazon,Placed,72964.84684379777
986,Student 986,3.7165539765756717,Mathematics,Apple,Placed,73849.79151299506
987,Student 987,3.2970291364057585,Electrical Engineering,Microsoft,Not Placed,
988,Student 988,3.8621842524349823,Computer Science,Microsoft,Placed,78920.38056866352
989,Student 989,4.192630773361115,Mathematics,Facebook,Placed,65780.96364721088
990,Student 990,3.3484508732879634,Electrical Engineering,Apple,Placed,70639.90501455733
991,Student 991,3.720516453636576,Electrical Engineering,Facebook,Placed,78034.42755579007
992,Student 992,3.58939643286659,Physics,Facebook,Placed,74250.12162632532
993,Student 993,3.100288800228452,Computer Science,Tesla,Not Placed,
994,Student 994,3.6203937548709693,Physics,Amazon,Placed,72355.97971009188
995,Student 995,3.644560252639406,Electrical Engineering,Google,Placed,70328.72928956788
996,Student 996,3.7064354102230874,Physics,Google,Placed,69894.53791221375
997,Student 997,3.400800551589977,Physics,Google,Not Placed,
998,Student 998,3.547096150155073,Electrical Engineering,Google,Not Placed,
999,Student 999,2.9261945275784322,Mathematics,Google,Placed,63275.55412429119
1000,Student 1000,3.3209429622600717,Mechanical Engineering,Tesla,Not Placed,
